course_title,institution,course_id
Machine Learning,Stanford University,machine-learning
Indigenous Canada,University of Alberta,indigenous-canada
The Science of Well-Being,Yale University,the-science-of-well-being
Technical Support Fundamentals,Google,technical-support-fundamentals
Become a CBRS Certified Professional Installer by Google,Google - Spectrum Sharing,google-cbrs-cpi-training
Financial Markets,Yale University,financial-markets-global
Introduction to Psychology,Yale University,introduction-psychology
Programming for Everybody (Getting Started with Python),University of Michigan,python
The Bits and Bytes of Computer Networking,Google,computer-networking
AI For Everyone,DeepLearning.AI,ai-for-everyone
Crash Course on Python,Google,python-crash-course
Psychological First Aid,Johns Hopkins University,psychological-first-aid
Neural Networks and Deep Learning,DeepLearning.AI,neural-networks-deep-learning
What is Data Science?,IBM,what-is-datascience
Successful Negotiation: Essential Strategies and Skills,University of Michigan,negotiation-skills
Fundamentals of Project Planning and Management,University of Virginia,uva-darden-project-management
Project Launch,"University of California, Irvine",project-management
"Brand Management: Aligning Business, Brand and Behaviour",London Business School,brand
Writing in the Sciences,Stanford University,sciwrite
Stanford Introduction to Food and Health,Stanford University,food-and-health
"HTML, CSS, and Javascript for Web Developers",Johns Hopkins University,html-css-javascript-for-web-developers
Excel Skills for Business: Essentials,Macquarie University,excel-essentials
Introduction to Negotiation: A Strategic Playbook for Becoming a Principled and Persuasive Negotiator,Yale University,negotiation
"Everyday Excel, Part 1",University of Colorado Boulder,everyday-excel-part-1
Learning How to Learn: Powerful mental tools to help you master tough subjects,University of California San Diego,learning-how-to-learn
Google Cloud Platform Fundamentals: Core Infrastructure,Google Cloud,gcp-fundamentals
Viral Marketing and How to Craft Contagious Content,University of Pennsylvania,wharton-contagious-viral-marketing
Python Data Structures,University of Michigan,python-data
Private Equity and Venture Capital,Università Bocconi,private-equity
First Step Korean,Yonsei University,learn-korean
"Introduction to TensorFlow for Artificial Intelligence, Machine Learning, and Deep Learning",DeepLearning.AI,introduction-tensorflow
Operating Systems and You: Becoming a Power User,Google,os-power-user
Tools for Data Science,IBM,open-source-tools-for-data-science
"Improving Deep Neural Networks: Hyperparameter tuning, Regularization and Optimization",DeepLearning.AI,deep-neural-network
Diversity and inclusion in the workplace,ESSEC Business School,diversity-inclusion-workplace
Design and Interpretation of Clinical Trials,Johns Hopkins University,clinical-trials
Visual Elements of User Interface Design,California Institute of the Arts,visual-elements-user-interface-design
Management of Fashion and Luxury Companies,Università Bocconi,mafash
Primeros Auxilios Psicológicos (PAP),Universitat Autònoma de Barcelona,pap
Social Psychology,Wesleyan University,social-psychology
Initiating and Planning Projects,"University of California, Irvine",project-planning
Computational Thinking for Problem Solving,University of Pennsylvania,computational-thinking-problem-solving
Agile with Atlassian Jira,Atlassian,agile-atlassian-jira
Fundamentals of Graphic Design,California Institute of the Arts,fundamentals-of-graphic-design
Introduction to User Experience Design,Georgia Institute of Technology,user-experience-design
Introduction to Marketing,University of Pennsylvania,wharton-marketing
Python for Data Science and AI,IBM,python-for-applied-data-science-ai
Marketing Analytics,University of Virginia,uva-darden-market-analytics
Natural Language Processing with Classification and Vector Spaces,DeepLearning.AI,classification-vector-spaces-in-nlp
Fundamentals of Quantitative Modeling,University of Pennsylvania,wharton-quantitative-modeling
How to Manage a Remote Team,GitLab,remote-team-management
Mathematics for Machine Learning: Linear Algebra,Imperial College London,linear-algebra-machine-learning
Introduction to Data Science in Python,University of Michigan,python-data-analysis
Customer Analytics,University of Pennsylvania,wharton-customer-analytics
Introduction to Psychology,University of Toronto,introduction-psych
English for Career Development,University of Pennsylvania,careerdevelopment
Global Diplomacy – Diplomacy in the Modern World,University of London,global-diplomacy
SQL for Data Science,"University of California, Davis",sql-for-data-science
Write Professional Emails in English,Georgia Institute of Technology,professional-emails-english
Medical Neuroscience,Duke University,medical-neuroscience
System Administration and IT Infrastructure Services,Google,system-administration-it-infrastructure-services
International Women's Health and Human Rights,Stanford University,womens-health-human-rights
Child Nutrition and Cooking,Stanford University,childnutrition
Understanding the Brain: The Neurobiology of Everyday Life,The University of Chicago,neurobiology
Introduction to Social Media Marketing,Facebook,social-media-marketing-introduction
Forensic Accounting and Fraud Examination,West Virginia University,forensic-accounting
Clinical Terminology for International and U.S. Students,University of Pittsburgh,clinical-terminology
Science of Exercise,University of Colorado Boulder,science-exercise
Digital Product Management: Modern Fundamentals,University of Virginia,uva-darden-digital-product-management
Data Science Math Skills,Duke University,datasciencemathskills
Structuring Machine Learning Projects,DeepLearning.AI,machine-learning-projects
An Introduction to American Law,University of Pennsylvania,american-law
The Strategy of Content Marketing,"University of California, Davis",content-marketing
Introduction to Cybersecurity Tools & Cyber Attacks,IBM,introduction-cybersecurity-cyber-attacks
The Data Scientist’s Toolbox,Johns Hopkins University,data-scientists-tools
Animal Behaviour and Welfare,The University of Edinburgh,animal-welfare
Convolutional Neural Networks in TensorFlow,DeepLearning.AI,convolutional-neural-networks-tensorflow
Positive Psychology: Martin E. P. Seligman’s Visionary Science,University of Pennsylvania,positive-psychology-visionary-science
Introduction to the Biology of Cancer,Johns Hopkins University,cancer
Convolutional Neural Networks,DeepLearning.AI,convolutional-neural-networks
Using Python to Access Web Data,University of Michigan,python-network-data
Introductory Human Physiology,Duke University,physiology
Introduction to Systematic Review and Meta-Analysis,Johns Hopkins University,systematic-review
Communication Strategies for a Virtual Age,University of Toronto,communication-strategies-virtual-age
Moral Foundations of Politics,Yale University,moral-politics
Étudier en France: French Intermediate course B1-B2,École Polytechnique,etudier-en-france
Managing the Company of the Future,London Business School,company-future-management
Finance for Non-Finance Professionals,Rice University,finance-for-non-finance
Site Reliability Engineering: Measuring and Managing Reliability,Google Cloud,site-reliability-engineering-slos
Autism Spectrum Disorder,"University of California, Davis",autism-spectrum-disorder
Data Science Methodology,IBM,data-science-methodology
Introduction to Financial Accounting,University of Pennsylvania,wharton-accounting
Marketing in a Digital World,University of Illinois at Urbana-Champaign,marketing-digital
Wind Energy,Technical University of Denmark (DTU),wind-energy
Principles of Sustainable Finance,Erasmus University Rotterdam,sustainable-finance
Financial Engineering and Risk Management Part I,Columbia University,financial-engineering-1
Introduction to Philosophy,The University of Edinburgh,philosophy
Business Metrics for Data-Driven Companies,Duke University,analytics-business-metrics
Python Basics,University of Michigan,python-basics
Introduction to Sustainability,University of Illinois at Urbana-Champaign,sustainability
Positive Psychiatry and Mental Health,The University of Sydney,positive-psychiatry
Cryptography I,Stanford University,crypto
Learning to Teach Online,UNSW Sydney (The University of New South Wales),teach-online
IT Security: Defense against the digital dark arts,Google,it-security
Entreprise et changement climatique,ESSEC Business School,entreprise-changement-climatique
An Introduction to Consumer Neuroscience & Neuromarketing,Copenhagen Business School,neuromarketing
Gamification,University of Pennsylvania,gamification
Contabilidad para no contadores,Universidad Nacional Autónoma de México,contabilidad
Using Python to Interact with the Operating System,Google,python-operating-system
Object-Oriented Data Structures in C++,University of Illinois at Urbana-Champaign,cs-fundamentals-1
Google Cloud Platform Big Data and Machine Learning Fundamentals,Google Cloud,gcp-big-data-ml-fundamentals
Databases and SQL for Data Science,IBM,sql-data-science
Natural Language Processing in TensorFlow,DeepLearning.AI,natural-language-processing-tensorflow
"Advanced Valuation and Strategy - M&A, Private Equity, and Venture Capital",Erasmus University Rotterdam,advanced-valuation-and-strategy
Natural Language Processing with Probabilistic Models,DeepLearning.AI,probabilistic-models-in-nlp
Vital Signs: Understanding What the Body Is Telling Us,University of Pennsylvania,vital-signs
Understanding Research Methods,University of London,research-methods
IBM Customer Engagement Specialist Professional Certificate,IBM,ibm-customer-engagement-specialist
Introduction to Calculus,The University of Sydney,introduction-to-calculus
Camino a la Excelencia en Gestión de Proyectos,Pontificia Universidad Católica de Chile,camino-excelencia-gestion-proyectos
Introduction to HTML5,University of Michigan,html
Wine Tasting: Sensory Techniques for Wine Analysis,"University of California, Davis",wine
Excel Skills for Business: Intermediate I,Macquarie University,excel-intermediate-1
"Programming Foundations with JavaScript, HTML and CSS",Duke University,duke-programming-web
Build a Modern Computer from First Principles: From Nand to Tetris (Project-Centered Course),Hebrew University of Jerusalem,build-a-computer
Food & Beverage Management,Università Bocconi,food-beverage-management
Data Analysis with Python,IBM,data-analysis-with-python
Project Planning,"University of California, Irvine",project-planning-1
Agile Meets Design Thinking,University of Virginia,uva-darden-getting-started-agile
AWS Fundamentals: Going Cloud-Native,Amazon Web Services,aws-fundamentals-going-cloud-native
Construction Project Management,Columbia University,construction-project-management
Introduction to Mathematical Thinking,Stanford University,mathematical-thinking
Everyday Parenting: The ABCs of Child Rearing,Yale University,everyday-parenting
Introduction to Healthcare,Stanford University,intro-to-healthcare
Machine Learning with Python,IBM,machine-learning-with-python
Terrorism and Counterterrorism: Comparing Theory and Practice,Universiteit Leiden,terrorism
Data Management for Clinical Research,Vanderbilt University,clinical-data-management
Sustainable Fashion,Copenhagen Business School,sustainable-fashion
Foundations of Data Science: K-Means Clustering in Python,University of London,data-science-k-means-clustering-python
Instructional Design Foundations and Applications,University of Illinois at Urbana-Champaign,instructional-design-foundations-applications
Cursos en línea: modelo para armar,Universidad Nacional Autónoma de México,enlinea
Modern Art & Ideas,The Museum of Modern Art,modern-art-ideas
"Speak English Professionally: In Person, Online & On the Phone",Georgia Institute of Technology,speak-english-professionally
Essential Google Cloud Infrastructure: Foundation,Google Cloud,gcp-infrastructure-foundation
Introduction to Artificial Intelligence (AI),IBM,introduction-to-ai
Dog Emotion and Cognition,Duke University,dog-emotion-and-cognition
International Leadership and Organizational Behavior,Università Bocconi,organizational-behavior
Driving business towards the Sustainable Development Goals,Erasmus University Rotterdam,sdgbusiness
"The Sustainable Development Goals – A global, transdisciplinary vision for the future",University of Copenhagen,global-sustainable-development
Digital Transformation,BCG,bcg-uva-darden-digital-transformation
Sequence Models,DeepLearning.AI,nlp-sequence-models
Devenir entrepreneur du changement,HEC Paris,entrepreneur-changement
Seeing Through Photographs,The Museum of Modern Art,photography
Entrepreneurship 1: Developing the Opportunity,University of Pennsylvania,wharton-entrepreneurship-opportunity
Introduction to Search Engine Optimization,"University of California, Davis",search-engine-optimization
Learn to Speak Korean 1,Yonsei University,learn-speak-korean1
Drug Development,University of California San Diego,drug-development
R Programming,Johns Hopkins University,r-programming
Economics of Money and Banking,Columbia University,money-banking
Chinese for Beginners,Peking University,learn-chinese
Grammar and Punctuation,"University of California, Irvine",grammar-punctuation
Japanese for beginners 1,Saint Petersburg State University,japanese-1
Introduction to English Common Law,University of London,intro-common-law
Introduction to Dental Medicine,University of Pennsylvania,dental-medicine-penn
Fundamentals of Reinforcement Learning,Alberta Machine Intelligence Institute,fundamentals-of-reinforcement-learning
The Power of Macroeconomics: Economic Principles in the Real World,"University of California, Irvine",principles-of-macroeconomics
Corporate Sustainability. Understanding and Seizing the Strategic Opportunity,Università Bocconi,corp-sustainability
Behavioral Finance,Duke University,duke-behavioral-finance
"Sequences, Time Series and Prediction",DeepLearning.AI,tensorflow-sequences-time-series-and-prediction
Supply Chain Logistics,Rutgers the State University of New Jersey,supply-chain-logistics
Project Execution,"University of California, Irvine",project-execution
Nutrición y obesidad: control de sobrepeso,Universidad Nacional Autónoma de México,nutricion-obesidad-sobrepeso
Microeconomics Principles,University of Illinois at Urbana-Champaign,microeconomics
Creative Writing: The Craft of Plot,Wesleyan University,craft-of-plot
Astronomy: Exploring Time and Space,University of Arizona,astro
Oil & Gas Industry Operations and Markets,Duke University,oilandgas
Design Thinking for Innovation,University of Virginia,uva-darden-design-thinking-innovation
EDIVET: Do you have what it takes to be a veterinarian?,The University of Edinburgh,becoming-a-veterinarian
Learn to Program: The Fundamentals,University of Toronto,learn-to-program
Financial Accounting Fundamentals,University of Virginia,uva-darden-financial-accounting
Finding Purpose and Meaning In Life: Living for What Matters Most,University of Michigan,finding-purpose-and-meaning-in-life
Understanding Clinical Research: Behind the Statistics,University of Cape Town,clinical-research
Epidemiology: The Basic Science of Public Health,The University of North Carolina at Chapel Hill,epidemiology
Fashion as Design,The Museum of Modern Art,fashion-design
Teamwork Skills: Communicating Effectively in Groups,University of Colorado Boulder,teamwork-skills-effective-communication
Feminism and Social Justice,"University of California, Santa Cruz",feminism-social-justice
International Organizations Management,University of Geneva,international-organizations-management
Marketing Digital,Universidade de São Paulo,estrategia-marketing-digital
Fundamentals of GIS,"University of California, Davis",gis
e-Learning Ecologies: Innovative Approaches to Teaching and Learning for the Digital Age,University of Illinois at Urbana-Champaign,elearning
"Excel/VBA for Creative Problem Solving, Part 1",University of Colorado Boulder,excel-vba-for-creative-problem-solving-part-1
Rethinking International Tax Law,Universiteit Leiden,international-taxation
Introduction to Probability and Data with R,Duke University,probability-intro
Understanding and Visualizing Data with Python,University of Michigan,understanding-visualization-data
Fundamentals of Visualization with Tableau,"University of California, Davis",data-visualization-tableau
Getting Started with SAS Programming,SAS,sas-programming-basics
Machine Learning for All,University of London,uol-machine-learning-for-all
Using Databases with Python,University of Michigan,python-databases
Addiction Treatment: Clinical Skills for Healthcare Providers,Yale University,addiction-treatment
Dino 101: Dinosaur Paleobiology,University of Alberta,dino101
Sports Marketing,Northwestern University,sports-marketing
Positive Psychology,The University of North Carolina at Chapel Hill,positive-psychology
Introduction to Programming with MATLAB,Vanderbilt University,matlab
Preparing to Manage Human Resources,University of Minnesota,managing-human-resources
Solar Energy Basics,The State University of New York,solar-energy-basics
Front-End Web UI Frameworks and Tools: Bootstrap 4,The Hong Kong University of Science and Technology,bootstrap-4
Building Scalable Java Microservices with Spring Boot and Spring Cloud,Google Cloud,google-cloud-java-spring
Introduction to Forensic Science,"Nanyang Technological University, Singapore",forensic-science
Google Cloud Product Fundamentals,Google Cloud,google-cloud-product-fundamentals
American Contract Law I,Yale University,contracts-1
Engineering Health: Introduction to Yoga and Physiology,New York University,engineering-health-yoga-physiology
AI for Medical Diagnosis,DeepLearning.AI,ai-for-medical-diagnosis
Natural Language Processing with Sequence Models,DeepLearning.AI,sequence-models-in-nlp
Introduction to Electronics,Georgia Institute of Technology,electronics
International Humanitarian Law in Theory and Practice,Universiteit Leiden,international-humanitarian-law
Making Architecture,IE School of Architecture & Design,making-architecture
Model Thinking,University of Michigan,model-thinking
Supporting children with difficulties in reading and writing,University of London,dyslexia-difficulties
Innovation Management,Erasmus University Rotterdam,innovation-management
The Manager's Toolkit: A Practical Guide to Managing People at Work,"Birkbeck, University of London",people-management
"The Modern World, Part One: Global History from 1760 to 1910",University of Virginia,modern-world
Supply Chain Principles,Georgia Institute of Technology,supply-chain-principles
Essential Google Cloud Infrastructure: Core Services,Google Cloud,gcp-infrastructure-core-services
Weight Management: Beyond Balancing Calories,Emory University,weight-management-beyond-balancing-calories
Miracles of Human Language: An Introduction to Linguistics,Universiteit Leiden,human-language
Java Programming: Solving Problems with Software,Duke University,java-programming
Race and Cultural Diversity in American Life and History,University of Illinois at Urbana-Champaign,race-cultural-diversity-american-life
Inspiring and Motivating Individuals,University of Michigan,motivate-people-teams
"Competencias digitales. Herramientas de ofimática (Microsoft Word, Excel, Power Point)",Universitat Autònoma de Barcelona,competencias-digitales-ofimatica
Healing with the Arts,University of Florida,healing-with-the-arts
People Analytics,University of Pennsylvania,wharton-people-analytics
What is Social?,Northwestern University,what-is-social
UX Design Fundamentals,California Institute of the Arts,ux-design-fundamentals
Creative Thinking: Techniques and Tools for Success,Imperial College London,creative-thinking-techniques-and-tools-for-success
Introduction to Classical Music,Yale University,introclassicalmusic
Children's Human Rights - An Interdisciplinary Introduction,University of Geneva,childrens-rights
Investment Management in an Evolving and Volatile World by HEC Paris and AXA Investment Managers,HEC Paris,investment-management
Introduction to Data Analysis Using Excel,Rice University,excel-data-analysis
Mind Control: Managing Your Mental Health During COVID-19,University of Toronto,manage-health-covid-19
Introduction to International Criminal Law,Case Western Reserve University,international-criminal-law
"FinTech: Foundations, Payments, and Regulations",University of Pennsylvania,wharton-fintech-overview-payments-regulations
Greek and Roman Mythology,University of Pennsylvania,mythology
Politics and Economics of International Energy,Sciences Po,global-energy
Continuous Delivery & DevOps,University of Virginia,uva-darden-continous-delivery-devops
Teach English Now! Foundational Principles,Arizona State University,english-principles
Business Model Innovation,HEC Paris,business-model
Introduction to User Experience Principles and Processes,University of Michigan,introtoux-principles-and-processes
Beyond the Sustainable Development Goals (SDGs): Addressing Sustainability and Development,University of Michigan,beyond-the-sustainable-development-goals-addressing-sustainability-and-development
Process Mining: Data science in Action,Eindhoven University of Technology,process-mining
Fundamentals of Immunology: Innate Immunity and B-Cell Function,Rice University,immunologyfundamentalsimmunitybcells
Introduction to Corporate Finance,University of Pennsylvania,wharton-finance
Global Diplomacy: the United Nations in the World,University of London,global-diplomacy-un
Algorithmic Toolbox,University of California San Diego,algorithmic-toolbox
Troubles du spectre de l'autisme : diagnostic,University of Geneva,troubles-spectre-autisme-diagnostic
Anatomy: Musculoskeletal and Integumentary Systems,University of Michigan,anatomy403-1x
A Crash Course in Causality:  Inferring Causal Effects from Observational Data,University of Pennsylvania,crash-course-in-causality
English for Business and Entrepreneurship,University of Pennsylvania,business
Natural Language Processing with Attention Models,DeepLearning.AI,attention-models-in-nlp
What is Compliance?,University of Pennsylvania,what-is-compliance
Getting Started with Google Sheets,Google Cloud,getting-started-with-google-sheets
Data Visualization with Python,IBM,python-for-data-visualization
Foundations of Mindfulness,Rice University,foundations-of-mindfulness
Negociación exitosa: Estrategias y habilidades esenciales (en español),University of Michigan,negociacion
Data-driven Decision Making,PwC,decision-making
Fundamentals of Engineering Exam Review,Georgia Institute of Technology,fe-exam
Gender and Sexuality: Diversity and Inclusion in the Workplace,University of Pittsburgh,gender-sexuality
Managerial Accounting Fundamentals,University of Virginia,uva-darden-managerial-accounting
Search Engine Optimization Fundamentals,"University of California, Davis",seo-fundamentals
Essentials of Global Health,Yale University,essentials-global-health
International Security Management,Erasmus University Rotterdam,international-security-management
Getting Started with AWS Machine Learning,Amazon Web Services,aws-machine-learning
Arts and Heritage Management,Università Bocconi,arts-heritage
Understanding Einstein: The Special Theory of Relativity,Stanford University,einstein-relativity
Réussir le Changement,ESSEC Business School,reussir-le-changement
Equine Welfare and Management,"University of California, Davis",equine
International migrations: a global issue,Sciences Po,international-migrations
Introduction to Web Development,"University of California, Davis",web-development
Writing and Editing: Word Choice and Word Order,University of Michigan,writing-editing-words
Introduction to the Digital Advertising Landscape,University of Colorado Boulder,digital-advertising-landscape
Access Controls,(ISC)²,access-control-sscp
Engineering Project Management: Initiating and Planning,Rice University,initiating-planning
Kotlin for Java Developers,JetBrains,kotlin-for-java-developers
Mathematics for Machine Learning: Multivariate Calculus,Imperial College London,multivariate-calculus-machine-learning
Introduction to Git and GitHub,Google,introduction-git-github
Industrial Biotechnology,University of Manchester   ,industrial-biotech
The Addicted Brain,Emory University,addiction-and-the-brain
Introducción a la programación en Python I: Aprendiendo a programar con Python,Pontificia Universidad Católica de Chile,aprendiendo-programar-python
Modernizing Data Lakes and Data Warehouses with GCP,Google Cloud,data-lakes-data-warehouses-gcp
Drug Discovery,University of California San Diego,drug-discovery
Nutrition and Lifestyle in Pregnancy,Ludwig-Maximilians-Universität München (LMU),nutrition-pregnancy
Financial Acumen for Non-Financial Managers,University of Pennsylvania,finance-healthcare-managers
Python and Statistics for Financial Analysis,The Hong Kong University of Science and Technology,python-statistics-financial-analysis
Bugs 101: Insect-Human Interactions,University of Alberta,bugs-101
Autodesk Certified Professional: Revit for Architectural Design Exam Prep,Autodesk,autodesk-revit-architectural-design
"Leading for Equity, Diversity and Inclusion in Higher Education",University of Michigan,leading-for-equity-diversity-inclusion
Enterprise Architecture,Peter the Great St. Petersburg Polytechnic University,enterprise-architecture
Introduction to Spreadsheets and Models,University of Pennsylvania,wharton-introduction-spreadsheets-models
The Arts and Science of Relationships: Understanding Human Needs,University of Toronto,human-needs
Essentials in Clinical Simulations Across the Health Professions,The George Washington University,clinicalsimulations
Budgeting and Scheduling Projects,"University of California, Irvine",schedule-projects
Machine Learning for Business Professionals,Google Cloud,machine-learning-business-professionals
Introduction to Accounting Data Analytics and Visualization,University of Illinois at Urbana-Champaign,intro-accounting-data-analytics-visual
Spanish Vocabulary: Meeting People,"University of California, Davis",spanish-vocabulary-meeting-people
Gestión Empresarial Exitosa para Pymes,Pontificia Universidad Católica de Chile,gestionempresarialpyme
Public Policy Challenges of the 21st Century,University of Virginia,public-policy
International Law in Action: the Arbitration of International Disputes,Universiteit Leiden,arbitration-international-disputes
Introduction to Ancient Egypt and Its Civilization,University of Pennsylvania,introancientegypt
Financing and Investing in Infrastructure,Università Bocconi,infrastructure-investing
Global Environmental Management,Technical University of Denmark (DTU),global-environmental-management
Operations Analytics,University of Pennsylvania,wharton-operations-analytics
Entrepreneurship Strategy: From Ideation to Exit,HEC Paris,entrepreneurship-strategy
FinTech Law and Policy,Duke University,fintechlawandpolicy
The Social Context of Mental Health and Illness,University of Toronto,mental-health
What Is Contemporary Art?,The Museum of Modern Art,contemporary-art
The Art of Music Production,Berklee College of Music,producing-music
Biohacking Your Brain's Health,Emory University,biohacking-your-brains-health
Bayesian Statistics: From Concept to Data Analysis,"University of California, Santa Cruz",bayesian-statistics
Reporting extra-financier et stratégie RSE,ESSEC Business School,reporting-extra-financier-strategie-rse
Leading Healthcare Quality and Safety,The George Washington University,quality-healthcare
Understanding International Relations Theory,National Research University Higher School of Economics,international-relations-theory
Introduction to Data Analytics,IBM,introduction-to-data-analytics
Fundamentos de Excel para Negocios,Universidad Austral,excel-para-negocios
Elastic Google Cloud Infrastructure: Scaling and Automation,Google Cloud,gcp-infrastructure-scaling-automation
Cultural Competence - Aboriginal Sydney,The University of Sydney,cultural-competence-aboriginal-sydney
Fundamentos de Finanzas Empresariales,Universidad de los Andes,finanzas-empresariales
Greening the Economy: Sustainable Cities,Lund University,gte-sustainable-cities
Introduction to Engineering Mechanics,Georgia Institute of Technology,engineering-mechanics-statics
Design-Led Strategy: Design thinking for business strategy and entrepreneurship,The University of Sydney,design-strategy
Biology Meets Programming: Bioinformatics for Beginners,University of California San Diego,bioinformatics
Understanding Medical Research: Your Facebook Friend is Wrong,Yale University,medical-research
Health Behavior Change: From Evidence to Action,Yale University,health-behavior-change
Ordered Data Structures,University of Illinois at Urbana-Champaign,cs-fundamentals-2
Mindshift: Break Through Obstacles to Learning and Discover Your Hidden Potential,McMaster University,mindshift
Programming Fundamentals,Duke University,programming-fundamentals
Understanding Financial Markets,University of Geneva,understanding-financial-markets
In the Studio: Postwar Abstract Painting,The Museum of Modern Art,painting
Drug Commercialization,University of California San Diego,drug-commercialization
Introduction to Software Product Management,University of Alberta,introduction-to-software-product-management
"Social Norms, Social Change I",Unicef,norms
Excel Skills for Business: Intermediate II,Macquarie University,excel-intermediate-2
Aboriginal Worldviews and Education,University of Toronto,aboriginal-education
"Information Systems Auditing, Controls and Assurance",The Hong Kong University of Science and Technology,information-systems-audit
Six Sigma Principles,University System of Georgia,six-sigma-principles
Business Writing,University of Colorado Boulder,writing-for-business
Autodesk Certified Professional: AutoCAD for Design and Drafting Exam Prep,Autodesk,autodesk-autocad-design-drafting
Introduction to Typography,California Institute of the Arts,typography
Customer Segmentation and Prospecting,Northwestern University,customer-segmentation-prospecting
Claves para Gestionar Personas,IESE Business School,gestionar-personas
English for Journalism,University of Pennsylvania,journalism
How Things Work: An Introduction to Physics,University of Virginia,how-things-work
Business English: Networking,University of Washington,business-english-intro
Summary Statistics in Public Health,Johns Hopkins University,summary-statistics
Global Energy and Climate Policy,University of London,globalenergyandclimatepolicy
El Abogado del Futuro: Legaltech y la Transformación Digital del Derecho,Universidad Austral,legaltech
Probability and Statistics: To p or not to p?,University of London,probability-statistics
Gut Check: Exploring Your Microbiome,University of Colorado Boulder,microbiome
Econometrics: Methods and Applications,Erasmus University Rotterdam,erasmus-econometrics
Разработка веб-сервисов на Go - основы языка,Moscow Institute of Physics and Technology,golang-webservices-1
Mastering Data Analysis in Excel,Duke University,analytics-excel
Basic Statistics,University of Amsterdam,basic-statistics
"Capstone: Retrieving, Processing, and Visualizing Data with Python",University of Michigan,python-data-visualization
Design Thinking for the Greater Good: Innovation in the Social Sector,University of Virginia,uva-darden-design-thinking-social-sector
Introduction to Portfolio Construction and Analysis with Python,EDHEC Business School,introduction-portfolio-construction-python
Data Analytics for Lean Six Sigma,University of Amsterdam,data-analytics-for-lean-six-sigma
Refugees in the 21st Century,University of London,refugees-21st-century
Building Containerized Applications on AWS,Amazon Web Services,containerized-apps-on-aws
Business Transformation with Google Cloud,Google Cloud,business-transformation-google-cloud
Version Control with Git,Atlassian,version-control-with-git
"Transmedia Storytelling: Narrative worlds, emerging technologies, and global audiences",UNSW Sydney (The University of New South Wales),transmedia-storytelling
Excel aplicado a los negocios (Nivel Avanzado),Universidad Austral,excel-aplicado-negocios-avanzado
Introduction to Public Speaking,University of Washington,public-speaking
Building Conversational Experiences with Dialogflow,Google Cloud,conversational-experiences-dialogflow
Guitar for Beginners,Berklee College of Music,guitar
Managing Project Risks and Changes,"University of California, Irvine",project-risk-management
L'excellence opérationnelle en pratique,ESSEC Business School,excellence-operationnelle
Introduction to Cloud Computing,IBM,introduction-to-cloud
Sample-based Learning Methods,Alberta Machine Intelligence Institute,sample-based-learning-methods
Functional Programming Principles in Scala,École Polytechnique Fédérale de Lausanne,progfun1
Introduction to Blockchain Technologies,INSEAD,introduction-blockchain-technologies
Introduction to Environmental Law and Policy,The University of North Carolina at Chapel Hill,environmental-law
"Cameras, Exposure, and Photography",Michigan State University,exposure-photography
Democracia y decisiones públicas. Introducción al análisis de políticas públicas,Universitat Autònoma de Barcelona,democracia
Dentistry 101,University of Michigan,dentistry101
"Python Functions, Files, and Dictionaries",University of Michigan,python-functions-files-dictionaries
Anticorrupción: Introducción a conceptos y perspectiva práctica,Universidad Nacional Autónoma de México,anticorrupcion-introduccion
Positive Psychology: Applications and Interventions,University of Pennsylvania,positive-psychology-applications
Introduction to Embedded Systems Software and Development Environments,University of Colorado Boulder,introduction-embedded-systems
Personal & Family Financial Planning,University of Florida,family-planning
A Law Student's Toolkit,Yale University,law-student
Introducción a Data Science: Programación Estadística con R,Universidad Nacional Autónoma de México,intro-data-science-programacion-estadistica-r
"Cybersecurity Roles, Processes & Operating System Security",IBM,cybersecurity-roles-processes-operating-system-security
Computational Neuroscience,University of Washington,computational-neuroscience
Smart Cities – Management of Smart Urban Infrastructures,École Polytechnique Fédérale de Lausanne,smart-cities
Getting Started with Go,"University of California, Irvine",golang-getting-started
Introduction to Economic Theories,Erasmus University Rotterdam,intro-economic-theories
The Power of Microeconomics: Economic Principles in the Real World,"University of California, Irvine",principles-of-microeconomics
Introduction to Personal Branding,University of Virginia,personal-branding
Love as a Force for Social Justice,Stanford University,love-social-justice
Mathematical Thinking in Computer Science,University of California San Diego,what-is-a-proof
Introduction to Genetics and Evolution,Duke University,genetics-evolution
Основы программирования на Python,National Research University Higher School of Economics,python-osnovy-programmirovaniya
Improving Communication Skills,University of Pennsylvania,wharton-communication-skills
"Introduction to Trading, Machine Learning & GCP",New York Institute of Finance,introduction-trading-machine-learning-gcp
Python Programming: A Concise Introduction,Wesleyan University,python-programming-introduction
"The Modern World, Part Two: Global History since 1910",University of Virginia,modern-world-2
Understanding Plants - Part I: What a Plant Knows,Tel Aviv University,plantknows
Excel Fundamentals for Data Analysis,Macquarie University,excel-data-analysis-fundamentals
Finanzas personales,Universidad Nacional Autónoma de México,finanzas-personales
English Composition I,Duke University,english-composition
Career 911: Your Future Job in Medicine and Healthcare,Northwestern University,healthcarejobs
Introduction to Self-Driving Cars,University of Toronto,intro-self-driving-cars
Corporate & Commercial Law I: Contracts & Employment Law,University of Illinois at Urbana-Champaign,corporate-commercial-law-part1
Blockchain Basics,University at Buffalo,blockchain-basics
Foundations of Business Strategy,University of Virginia,uva-darden-foundations-business-strategy
Introdução à Ciência da Computação com Python Parte 1,Universidade de São Paulo,ciencia-computacao-python-conceitos
Stochastic processes,National Research University Higher School of Economics,stochasticprocesses
Foundations for Big Data Analysis with SQL,Cloudera,foundations-big-data-analysis-sql
"Innovation Through Design: Think, Make, Break, Repeat",The University of Sydney,innovation-through-design
Perfect Tenses and Modals,"University of California, Irvine",perfect-tenses-modals
Getting Started with Azure,LearnQuest,cloud-azure-intro
Moralities of Everyday Life,Yale University,moralities
Revisão Sistemática e Meta-análise,Universidade Estadual de Campinas,revisao-sistematica
Understanding child development: from synapse to society,Utrecht University,child-development
Introduction to G Suite,Google Cloud,introduction-g-suite
Aprendiendo a aprender: Poderosas herramientas mentales con las que podrás dominar temas difíciles (Learning How to Learn),University of California San Diego,aprendiendo-a-aprender
Building Batch Data Pipelines on GCP,Google Cloud,batch-data-pipelines-gcp
Financial Planning for Young Adults,University of Illinois at Urbana-Champaign,financial-planning
Quantitative Methods,University of Amsterdam,quantitative-methods
"Introduction to Self-Determination Theory: An approach to motivation, development and wellness",University of Rochester,self-determination-theory
The Technology of Music Production,Berklee College of Music,technology-of-music-production
Code Yourself! An Introduction to Programming,The University of Edinburgh,intro-programming
Success,University of Pennsylvania,wharton-success
Chemicals and Health,Johns Hopkins University,chemicals-health
Improving your statistical inferences,Eindhoven University of Technology,statistical-inferences
Fundamentals of Finance,University of Pennsylvania,finance-fundamentals
How Google does Machine Learning,Google Cloud,google-machine-learning
Object-Oriented Design,University of Alberta,object-oriented-design
Introduction to Intellectual Property,University of Pennsylvania,introduction-intellectual-property
Cost and Economics in Pricing Strategy,BCG,uva-darden-bcg-pricing-strategy-cost-economics
Write A Feature Length Screenplay For Film Or Television,Michigan State University,write-a-feature-length-screenplay-for-film-or-television
Marketing Gerencial,Universidad de Chile,marketing-gerencial
Corporate Finance Essentials,IESE Business School,corporate-finance-essentials
Information Security: Context and Introduction,"Royal Holloway, University of London",information-security-data
"Anatomy of the Chest, Abdomen, and Pelvis",Yale University,trunk-anatomy
Introduction to CSS3,University of Michigan,introcss
Applied Data Science Capstone,IBM,applied-data-science-capstone
Introduction aux Droits de l’Homme,University of Geneva,droits-de-lhomme
"Programming Languages, Part A",University of Washington,programming-languages
Big History: Connecting Knowledge,Macquarie University,big-history
Leadership in 21st Century Organizations,Copenhagen Business School,leadership-21st-century
Software Processes and Agile Practices,University of Alberta,software-processes-and-agile-practices
DevOps Culture and Mindset,"University of California, Davis",devops-culture-and-mindset
Introduction to Statistics & Data Analysis in Public Health,Imperial College London,introduction-statistics-data-analysis-public-health
Discrete Optimization,The University of Melbourne,discrete-optimization
Основы разработки на C++: белый пояс,Moscow Institute of Physics and Technology,c-plus-plus-white
COVID-19 Contact Tracing For Nursing Professionals,University of Houston,covid-19-contact-tracing-for-nursing-professionals
High Stakes Leadership: Leading in Times of Crisis,University of Michigan,high-stakes-leadership
Essential Epidemiologic Tools for Public Health Practice,Johns Hopkins University,epidemiology-tools
"Recruiting, Hiring, and Onboarding Employees",University of Minnesota,recruiting-hiring-onboarding-employees
AWS Fundamentals: Addressing Security Risk,Amazon Web Services,aws-fundamentals-addressing-security-risk
Ancient Philosophy: Plato & His Predecessors,University of Pennsylvania,plato
Becoming a changemaker: Introduction to Social Innovation,University of Cape Town,social-innovation
Spanish for Successful Communication in Healthcare Settings,Rice University,spanish-in-healthcare-settings
Leading transformations: Manage change,Macquarie University,change-management
Introduction to Systems Engineering,UNSW Sydney (The University of New South Wales),systems-engineering
Bayesian Statistics: Techniques and Models,"University of California, Santa Cruz",mcmc-bayesian-statistics
Human Rights for Open Societies,Utrecht University,humanrights
Introduction to Computers and Office Productivity Software,The Hong Kong University of Science and Technology,introduction-to-computers-and-office-productivity-software
The Introduction to Quantum Computing,Saint Petersburg State University,quantum-computing-algorithms
Intercultural Management,ESCP Business School,intercultural
Get Interactive: Practical Teaching with Technology,University of London,getinmooc
Global Financial Markets and Instruments,Rice University,global-financial-markets-instruments
Write Your First Novel,Michigan State University,write-your-first-novel
Développement psychologique de l'enfant,University of Geneva,enfant-developpement
Songwriting: Writing the Lyrics,Berklee College of Music,songwriting-lyrics
"Applied Plotting, Charting & Data Representation in Python",University of Michigan,python-plotting
Systems Thinking In Public Health,Johns Hopkins University,systems-thinking
Excel Skills for Business: Advanced,Macquarie University,excel-advanced
Introduction to Neuroeconomics: How the Brain Makes Decisions,National Research University Higher School of Economics,neuroeconomics
Community Organizing for Social Justice,University of Michigan,community-organizing
Build a Modern Computer from First Principles: Nand to Tetris Part II (project-centered course),Hebrew University of Jerusalem,nand2tetris2
The Global Financial Crisis,Yale University,global-financial-crisis
Agile и Scrum в работе над проектами и продуктами,E-Learning Development Fund,upravleniya-proektami-agile-scrum
Renewable Energy and Green Building Entrepreneurship,Duke University,renewable-energy-entrepreneurship
The Cycle: Management of Successful Arts and Cultural Organizations,"University of Maryland, College Park",the-cycle
Privacy Law and Data Protection,University of Pennsylvania,privacy-law-data-protection
Building Modern Python Applications on AWS,Amazon Web Services,building-modern-python-applications-on-aws
Digital Business Models,Lund University,digital-business-models
"Everyday Excel, Part 2",University of Colorado Boulder,everyday-excel-part-2
Reliable Google Cloud Infrastructure: Design and Process,Google Cloud,cloud-infrastructure-design-process
Introduction to Computer Programming,University of London,introduction-to-computer-programming
"Big Data Essentials: HDFS, MapReduce and Spark RDD",Yandex,big-data-essentials
Dermatology: Trip to skin,Novosibirsk State University ,dermatology
Sustainable Tourism – promoting environmental public health,University of Copenhagen,sustainable-tourism
Population Health During A Pandemic: Contact Tracing and Beyond,University of Houston,contact-tracing-for-covid-19
Social Impact Strategy: Tools for Entrepreneurs and Innovators,University of Pennsylvania,social-impact
C for Everyone: Programming Fundamentals,"University of California, Santa Cruz",c-for-everyone
Introduction to Structured Query Language (SQL),University of Michigan,intro-sql
Social and Economic Networks:  Models and Analysis,Stanford University,social-economic-networks
The Truth About Cats and Dogs,The University of Edinburgh,cats-and-dogs
Sports and Society,Duke University,sports-society
Fundamentals of Scalable Data Science,IBM,ds
Effective Compliance Programs,University of Pennsylvania,effective-compliance-programs
Transformation of the Global Food System,University of Copenhagen,transformation-global-food-system
Web Application Technologies and Django,University of Michigan,django-database-web-apps
Curanderismo: Traditional Healing Using Plants,University of New Mexico,curanderismo-plants
Applied Machine Learning in Python,University of Michigan,python-machine-learning
Troubleshooting and Debugging Techniques,Google,troubleshooting-debugging-techniques
Introduction to C# Programming and Unity,University of Colorado System,introduction-programming-unity
"Corrección, estilo y  variaciones de la lengua española",Universitat Autònoma de Barcelona,correccion-estilo-variaciones
Les Fondamentaux de la Négociation,ESSEC Business School,fondamentaux-negociation
The Science of Success: What Researchers Know that You Should Know,University of Michigan,success
Finance for Non-Financial Managers,Emory University,finance-for-non-financial-managers
Getting Started With Music Theory,Michigan State University,music-theory
The Horse Course: Introduction to Basic Care and Management,University of Florida,horse-care
Verb Tenses and Passives,"University of California, Irvine",verb-passives
Gestión de organizaciones efectivas,Pontificia Universidad Católica de Chile,gestion-organizaciones-efectivas
Introduction to Big Data,University of California San Diego,big-data-introduction
Rédaction de contrats,University of Geneva,contrats
Philosophy and the Sciences: Introduction to the Philosophy of Cognitive Sciences,The University of Edinburgh,philosophy-cognitive-sciences
Schizophrenia,Wesleyan University,schizophrenia
Ecology: Ecosystem Dynamics and Conservation,Howard Hughes Medical Institute ,ecology-conservation
Introduction to Game Development,Michigan State University,game-development
Practical Time Series Analysis,The State University of New York,practical-time-series-analysis
VLSI CAD Part I: Logic,University of Illinois at Urbana-Champaign,vlsi-cad-logic
Getting Started with Google Kubernetes Engine,Google Cloud,google-kubernetes-engine
Exploring ​and ​Preparing ​your ​Data with BigQuery,Google Cloud,gcp-exploring-preparing-data-bigquery
Six Sigma and the Organization (Advanced),University System of Georgia,six-sigma-organization-advanced
Social Work Practice: Advocating Social Justice and Change,University of Michigan,social-work-practice-advocating-social-justice-and-change
Introduction to Machine Learning,Duke University,machine-learning-duke
Entrepreneurship 2: Launching your Start-Up,University of Pennsylvania,wharton-launching-startup
Nanotechnology: A Maker’s Course,Duke University,nanotechnology
Creative Problem Solving,University of Minnesota,creative-problem-solving
"Sleep: Neurobiology, Medicine, and Society",University of Michigan,sleep
COVID-19: What You Need to Know (CME Eligible),Osmosis,covid-19-what-you-need-to-know
Classical Sociological Theory,University of Amsterdam,classical-sociological-theory
Electric Industry Operations and Markets,Duke University,electricity
Preparing for the Google Cloud Professional Cloud Architect Exam,Google Cloud,preparing-cloud-professional-cloud-architect-exam
Effective Business Presentations with Powerpoint,PwC,powerpoint-presentations
More Introduction to Financial Accounting,University of Pennsylvania,wharton-financial-accounting
Cryptocurrency and Blockchain: An Introduction to Digital Currencies,University of Pennsylvania,wharton-cryptocurrency-blockchain-introduction-digital-currency
Think Again I: How to Understand Arguments,Duke University,understanding-arguments
Developing Your Musicianship,Berklee College of Music,develop-your-musicianship
Introduction to Operations Management,University of Pennsylvania,wharton-operations
The Oral Cavity: Portal to Health and Disease,University of Pennsylvania,oralcavity
Preparing for the Google Cloud Associate Cloud Engineer Exam,Google Cloud,preparing-cloud-associate-cloud-engineer-exam
Fundamental Neuroscience for Neuroimaging,Johns Hopkins University,neuroscience-neuroimaging
European Business Law: Understanding the Fundamentals,Lund University,european-law-fundamentals
Teach English Now! Teaching Language Online,Arizona State University,teachlanguageonline
Front-End Web Development with React,The Hong Kong University of Science and Technology,front-end-react
Music Business Foundations,Berklee College of Music,music-business-foundations
Introduction to Business Analytics: Communicating with Data,University of Illinois at Urbana-Champaign,intro-business-analytics
Machine Learning Foundations: A Case Study Approach,University of Washington,ml-foundations
Accounting Analytics,University of Pennsylvania,accounting-analytics
Strategic Business Management - Microeconomics,"University of California, Irvine",strategic-business-management-microeconomics
"Epidemics, Pandemics and Outbreaks",University of Pittsburgh,epidemic-pandemic-outbreak
Roman Architecture,Yale University,roman-architecture
Research Data Management and Sharing,The University of Edinburgh,data-management
Introduction to Genomic Technologies,Johns Hopkins University,introduction-genomics
Strategic Management,Copenhagen Business School,strategic-management
Cybersecurity Compliance Framework & System Administration,IBM,cybersecurity-compliance-framework-system-administration
Legal Tech & Startups,IE Business School,legal-tech-startups
Introduction to Chemistry:  Reactions and Ratios,Duke University,intro-chemistry
The Science of Stem Cells,American Museum of Natural History,stem-cells
The Business of Product Management I,Advancing Women in Product,the-business-of-product-management-one
Positive Psychology: Resilience Skills,University of Pennsylvania,positive-psychology-resilience
AI for Medical Prognosis,DeepLearning.AI,ai-for-medical-prognosis
Antibiotic Stewardship,Stanford University,antibiotic-stewardship
UX / UI: Fundamentos para o design de interface,Universidade de São Paulo,ux-ui-design-de-interface
EMT Foundations,University of Colorado System,emt-foundations
Industrial IoT on Google Cloud Platform,Google Cloud,iiot-google-cloud-platform
"Penetration Testing, Incident Response and Forensics",IBM,ibm-penetration-testing-incident-response-forensics
Database Management Essentials,University of Colorado System,database-management
Advertising and Society,Duke University,role-of-advertising
Everyday Chinese Medicine,The Chinese University of Hong Kong,everyday-chinese-medicine
Fundamentals of Machine Learning for Healthcare,Stanford University,fundamental-machine-learning-healthcare
New Approaches to Countering Terror: Countering Violent Extremism,"University of Maryland, College Park",countering-terror-violent-extremism
Magic in the Middle Ages,Universitat de Barcelona,magic-middle-ages
Challenging Forensic Science: How Science Should Speak to Court,University of Lausanne,challenging-forensic-science
Exploring Renewable Energy Schemes,University of Pennsylvania,exploring-renewable-energy
Paleontology: Theropod Dinosaurs and the Origin of Birds,University of Alberta,theropods-birds
Corporate Strategy,UCL School of Management,corporatestrategy
Getting Started with Essay Writing,"University of California, Irvine",getting-started-with-essay-writing
Actualización en el manejo del paciente con diabetes mellitus tipo 2,Universidad Nacional Autónoma de México,actualizacion-manejo-diabetes-tipo-2
Mastering Final Cut Pro,LearnQuest,mastering-final-cut-pro
Removing Barriers to Change,University of Pennsylvania,removing-barriers-to-change
Tricky American English Pronunciation,"University of California, Irvine",tricky-american-english-pronunciation
Managing an Agile Team,University of Virginia,uva-darden-agile-team-management
International Law in Action: A Guide to the International Courts and Tribunals in The Hague,Universiteit Leiden,international-law-in-action
"Competencias Laborales: Perfiles, Evaluación y Capacitación.",Universidad de Chile,competencias-lab
Getting started with TensorFlow 2,Imperial College London,getting-started-with-tensor-flow2
Geopolitics of Europe,Sciences Po,geopolitics-europe
Osteoarchaeology: The Truth in Our Bones,Universiteit Leiden,truthinourbones-osteoarchaeology-archaeology
Mathematics for Machine Learning: PCA,Imperial College London,pca-machine-learning
Object Oriented Programming in Java,University of California San Diego,object-oriented-java
Embedded Software and Hardware Architecture,University of Colorado Boulder,embedded-software-hardware
Memoir and Personal Essay: Managing Your Relationship with the Reader,Wesleyan University,memoir-reader-relationship
Математика и Python для анализа данных,Moscow Institute of Physics and Technology,mathematics-and-python
Hacia una práctica constructivista en el aula,Pontificia Universidad Católica de Chile,aulaconstructivista
Hypothesis-Driven Development,University of Virginia,uva-darden-agile-testing
Accounting Data Analytics with Python,University of Illinois at Urbana-Champaign,accounting-data-analytics-python
Introduction to Molecular Spectroscopy,University of Manchester   ,spectroscopy
Managing as a Coach,"University of California, Davis",managing-as-a-coach
